{
  "k": 10,
  "test_cases": 1000,
  "evaluation_modes": {
    "purchase_prediction": {
      "exclude_seen_items": false,
      "baseline": {
        "users_evaluated": 1000,
        "precision_at_10": 0.0015000000000000002,
        "recall_at_10": 0.015,
        "f1_at_10": 0.002727272727272727,
        "hit_rate_at_10": 0.015,
        "test_cases_with_category": 989,
        "category_hit_rate_at_10": 0.06572295247724974
      },
      "hybrid": {
        "users_evaluated": 1000,
        "precision_at_10": 0.035300000000000234,
        "recall_at_10": 0.353,
        "f1_at_10": 0.06418181818181798,
        "hit_rate_at_10": 0.353,
        "test_cases_with_category": 989,
        "category_hit_rate_at_10": 0.8918099089989889
      },
      "hybrid_collaborative": {
        "users_evaluated": 1000,
        "precision_at_10": 0.03220000000000019,
        "recall_at_10": 0.322,
        "f1_at_10": 0.058545454545454394,
        "hit_rate_at_10": 0.322,
        "test_cases_with_category": 989,
        "category_hit_rate_at_10": 0.9019211324570273
      },
      "latent_factors": {
        "users_evaluated": 1000,
        "precision_at_10": 0.0401000000000003,
        "recall_at_10": 0.401,
        "f1_at_10": 0.07290909090909095,
        "hit_rate_at_10": 0.401,
        "test_cases_with_category": 989,
        "category_hit_rate_at_10": 0.4792719919110212
      }
    },
    "discovery": {
      "exclude_seen_items": true,
      "baseline": {
        "users_evaluated": 1000,
        "precision_at_10": 0.0,
        "recall_at_10": 0.0,
        "f1_at_10": 0.0,
        "hit_rate_at_10": 0.0,
        "test_cases_with_category": 989,
        "category_hit_rate_at_10": 0.055611729019211326
      },
      "hybrid": {
        "users_evaluated": 1000,
        "precision_at_10": 0.0,
        "recall_at_10": 0.0,
        "f1_at_10": 0.0,
        "hit_rate_at_10": 0.0,
        "test_cases_with_category": 989,
        "category_hit_rate_at_10": 0.890798786653185
      },
      "hybrid_collaborative": {
        "users_evaluated": 1000,
        "precision_at_10": 0.0,
        "recall_at_10": 0.0,
        "f1_at_10": 0.0,
        "hit_rate_at_10": 0.0,
        "test_cases_with_category": 989,
        "category_hit_rate_at_10": 0.9029322548028311
      },
      "latent_factors": {
        "users_evaluated": 1000,
        "precision_at_10": 0.0001,
        "recall_at_10": 0.001,
        "f1_at_10": 0.00018181818181818183,
        "hit_rate_at_10": 0.001,
        "test_cases_with_category": 989,
        "category_hit_rate_at_10": 0.28311425682507585
      }
    }
  }
}